search_keyword,recipient_contact_name,recipient_company,recipient_line_1,recipient_line_2,recipient_email,city,recipient_phone_number,website,source
pool builder in Tampa Florida,,Cody Pools,"6846 N Dale Mabry Hwy, Tampa, FL 33614, Amerika Serikat",,arman@sohelarmans.com,"2F6V+3P Tampa, Florida, Amerika Serikat",+1 813-693-5674,florida.codypools.com,Google Map
pool builder in Tampa Florida,,Tampa Bay Pools,"604 Lithia Pinecrest Rd, Brandon, FL 33511, Amerika Serikat",,info@tampabaypools.com,"WPJF+2F Brandon, Florida, Amerika Serikat",+1 813-684-3639,tampabaypools.com,Google Map
pool builder in Tampa Florida,,Larsen's Pool & Spa,"9909 Race Track Rd, Tampa, FL 33626, Amerika Serikat",,,"29Q2+PR Tampa, Florida, Amerika Serikat",+1 727-786-7665,larsenspoolandspa.com,Google Map
pool builder in Tampa Florida,,Pool Builders Tampa,,,,,+1 813-422-6620,,Google Map
pool builder in Tampa Florida,,Wahoo Pools - Tampa,"6657 US-301 S, Riverview, FL 33578, Amerika Serikat",,info@wahoopools.com,"VMMC+PF Riverview, Florida, Amerika Serikat",+1 813-699-3282,wahoopools.com,Google Map
pool builder in Tampa Florida,,"Tropical Escapes Pool Builders, LLC.","1900 Land O' Lakes Blvd STE 109, Land O' Lakes, FL 33549, Amerika Serikat",,,"5GMM+WM Land O' Lakes, Florida, Amerika Serikat",+1 813-474-2024,tropicalescapesfl.com,Google Map
pool builder in Tampa Florida,,Trendsetter Pools,"13540 N Florida Ave # 101, Tampa, FL 33613, Amerika Serikat",,bobbi@trendsetterpools.com,"3GCR+G3 Tampa, Florida, Amerika Serikat",+1 813-964-0000,trendsetterpools.com,Google Map
pool builder in Tampa Florida,,Payne Pool Professionals Tampa,,,,,+1 813-421-1159,paynepoolprofessionals.com,Google Map
pool builder in Tampa Florida,,Paradise Pools of Tampa Bay,,,paradisepoolstb@yahoo.com,,+1 813-995-3377,paradisepoolstb.com,Google Map
pool builder in Tampa Florida,,J & C Fiberglass Pools,"2701 W Busch Blvd, Suite 160, Tampa, FL 33618, Tampa, FL 33614, Amerika Serikat",,florida@jandcfiberglasspools.com,"2GP6+4X Tampa, Florida, Amerika Serikat",+1 813-295-9958,jandcfiberglasspool.com,Google Map
pool builder in Tampa Florida,,"Patio Pools, Inc.","4118 Gunn Hwy, Carrollwood, FL 33618, Amerika Serikat",,,"2FRQ+HM Carrollwood, Greater Carrollwood, Florida, Amerika Serikat",+1 813-962-0374,patiopools.com,Google Map
pool builder in Tampa Florida,,Blue Sky Pools,"3208 E 4th Ave, Tampa, FL 33605, Amerika Serikat",,officeblueskypools@gmail.com,"XH5G+7H Tampa, Florida, Amerika Serikat",+1 813-242-4265,blueskypools.com,Google Map
pool builder in Tampa Florida,,Hive Outdoor Living,"311 S Willow Ave suite b, Tampa, FL 33606, Amerika Serikat",,,"WGRG+CR Tampa, Florida, Amerika Serikat",+1 813-579-2444,hiveoutdoor.com,Google Map
pool builder in Tampa Florida,,Aboveground Pool Installers Tampa,"5207 Wilcox Rd, Tampa, FL 33624, Amerika Serikat",,,,+1 813-417-1622,abovegroundpoolinstallers.com,Google Map
pool builder in Tampa Florida,,Ultra Custom Group,"5401 S Dale Mabry Hwy, Tampa, FL 33611, Amerika Serikat",,,,+1 813-900-5595,ultracustomgroup.com,Google Map
pool builder in Tampa Florida,,"West Shore Pools and Outdoor Living, LLC","3644B S West Shore Blvd, Tampa, FL 33629, Amerika Serikat",,designs@westshorepools.com,"WF6F+4C Tampa, Florida, Amerika Serikat",+1 813-494-2417,westshorecustompools.com,Google Map
